Stores Near Me : Targetskip to main contentskip to footerTarget Circle™Target Circle™ CardTarget Circle 360™Registry & Wish ListWeekly AdFind StoresCategoriesDealsNew & featuredPickup & deliverysearchGet top deals, latest trends, and more.Email addressSign upPrivacy policyFooter*See offer details. Restrictions apply. Pricing, promotions and availability may vary by location and at Target.comAbout UsAbout TargetCareersNews & BlogTarget BrandsBullseye ShopSustainability & GovernancePress CenterAdvertise with UsInvestorsAffiliates & PartnersSuppliersTargetPlusHelpTarget HelpReturnsTrack OrdersRecallsContact UsFeedbackAccessibilitySecurity & FraudTeam Member ServicesLegal & PrivacyStoresFind a StoreClinicPharmacyTarget OpticalMore In-Store ServicesServicesTarget Circle™Target Circle™ CardTarget Circle 360™Target AppRegistrySame Day DeliveryOrder PickupDrive UpFree 2-Day ShippingShipping & DeliveryMore ServicesTermsCA Supply ChainPrivacy PolicyCA Privacy RightsYour Privacy ChoicesInterest Based AdsHealth Privacy PolicyTM & © 2025 Target Brands, Inc.Find a storenear 50009View store directoryEnter ZIP or city, stateFilter by servicesApplied filtersAltoonastore details3414 8th St SW, Altoona, IA 50009-1024Open today: 8:00am - 10:00pm515-967-9343Store infoShop this storeAnkenystore details2135 SE Delaware Ave, Ankeny, IA 50021-4592Open today: 7:00am - 10:00pm515-964-9000Store infoShop this storeSouth Des Moinesstore details1111 E Army Post Rd Ste 2204, Des Moines, IA 50315-5962Open today: 8:00am - 10:00pm515-287-3438Store infoShop this storeDes Moines Northstore details5901 Douglas Ave, Des Moines, IA 50322-3303Open today: 8:00am - 10:00pm515-331-6115Store infoShop this storeValley Weststore details1800 Valley West Dr, West Des Moines, IA 50266-1104Open today: 8:00am - 10:00pm515-225-3784Store infoShop this storeUrbandalestore details11148 Plum Dr, Urbandale, IA 50322-6328Open today: 7:00am - 10:00pm515-270-6556Store infoShop this storeSponsoredWest Des Moines SWstore details5405 Mills Civic Pkwy, West Des Moines, IA 50266-5303Open today: 7:00am - 10:00pm515-223-0262Store infoShop this storeWaukeestore details900 SE Laurel St, Waukee, IA 50263-9100Open today: 8:00am - 10:00pm515-858-4985Store infoShop this storeAmesstore details320 S Duff Ave, Ames, IA 50010-6644Open today: 8:00am - 10:00pm515-663-9500Store infoShop this storeFort Dodgestore details2910 1st Ave S, Fort Dodge, IA 50501-2972Open today: 8:00am - 10:00pm515-573-7950Store infoShop this storeCedar Fallsstore details214 Viking Plaza Dr, Cedar Falls, IA 50613-6936Open today: 8:00am - 10:00pm319-553-1120Store infoShop this storeWaterloostore details1501 E San Marnan Dr, Waterloo, IA 50702-4300Open today: 7:00am - 10:00pm319-226-6500Store infoShop this storeCedar Rapids Southstore details3400 Edgewood Rd SW, Cedar Rapids, IA 52404-7214Open today: 7:00am - 10:00pm319-396-4444Store infoShop this storeSponsoredTrending items$5.00Save $10 when you spend $40 on select apparel Toddler Girls' Solid Leggings - Cat & Jack™ Black 12M: Cotton-Spandex Blend, Mid Rise, Ankle Length, Elastic WaistbandAdd to cart$2.19 Basic Cotton Rounds Nail Polish and Makeup Remover Pads - 100ct - up&up™4.7 out of 5 stars14786Add to cart$1.79 Extra Spearmint Sugar-Free Chewing Gum - 15ct4.8 out of 5 stars3720Add to cart$1.99($0.25/ounce) Shredded Mexican-Style Cheese - 8oz - Good & Gather™4.7 out of 5 stars3891Add to cart$2.69($0.13/fluid ounce) smartwater - 20 fl oz Bottle4.8 out of 5 stars4376Add to cart$1.99 Crayola 12ct Kids Pre-Sharpened Colored Pencils4.8 out of 5 stars3363Add to cart